task,task_label,selected_source_batch,selection_basis,rank,gene,prior_gene_set,is_prior_gene,best_top100_jaccard,full_top100_jaccard,top100_jaccard_delta,candidate_panel_rank,stability_score,top50_freq,top50_enrichment,gain_nonzero_freq,mean_rank,n_included,mean_gain,final_global_rank_by_stability_score,mean_stability_score,n_batches_observed,best_stability_rank
er_status,ER status,1000,Figure 2a best Top100 stability batch/consensus,1,C6orf97,,False,0.6573675612931116,0.203979211113432,0.4533883501796796,1,15.23707846280005,1.0,20.0,1.0,2.0,25.0,111.3889176940918,1,,,
er_status,ER status,1000,Figure 2a best Top100 stability batch/consensus,2,AGR3,,False,0.6573675612931116,0.203979211113432,0.4533883501796796,2,15.23532687554754,1.0,18.67512332628612,1.0,2.2,25.0,108.1745976638794,2,,,
er_status,ER status,1000,Figure 2a best Top100 stability batch/consensus,3,ESR1,brca_driver|pam50,True,0.6573675612931116,0.203979211113432,0.4533883501796796,3,15.235223428452546,1.0,19.31486880466472,1.0,2.4,25.0,116.70102920532229,3,,,
er_status,ER status,1000,Figure 2a best Top100 stability batch/consensus,4,DNALI1,,False,0.6573675612931116,0.203979211113432,0.4533883501796796,4,15.23415178668204,1.0,19.31486880466472,1.0,2.56,25.0,92.0104084777832,4,,,
er_status,ER status,1000,Figure 2a best Top100 stability batch/consensus,5,TBC1D9,,False,0.6573675612931116,0.203979211113432,0.4533883501796796,5,15.233368394105042,1.0,19.31486880466472,1.0,2.8,25.0,93.44135116577148,5,,,
er_status,ER status,1000,Figure 2a best Top100 stability batch/consensus,6,GPR77,,False,0.6573675612931116,0.203979211113432,0.4533883501796796,6,15.232647069785038,1.0,18.67512332628612,1.0,2.92,25.0,98.83448776245118,6,,,
er_status,ER status,1000,Figure 2a best Top100 stability batch/consensus,7,ANXA9,,False,0.6573675612931116,0.203979211113432,0.4533883501796796,7,15.231698863192287,1.0,20.0,1.0,3.16,25.0,82.36238540649414,7,,,
er_status,ER status,1000,Figure 2a best Top100 stability batch/consensus,8,SLC39A6,pam50,True,0.6573675612931116,0.203979211113432,0.4533883501796796,8,14.62046795925144,0.96,19.2,0.96,42.04,25.0,94.2050184249878,8,,,
er_status,ER status,1000,Figure 2a best Top100 stability batch/consensus,9,C6orf211,,False,0.6573675612931116,0.203979211113432,0.4533883501796796,9,14.619210814046186,0.96,17.92811839323467,0.96,42.24,25.0,98.67164394378662,9,,,
er_status,ER status,1000,Figure 2a best Top100 stability batch/consensus,10,GATA3,brca_driver,True,0.6573675612931116,0.203979211113432,0.4533883501796796,10,14.618633614322937,0.96,18.54227405247813,0.96,42.4,25.0,93.0406332397461,10,,,
er_status,ER status,1000,Figure 2a best Top100 stability batch/consensus,11,RABEP1,,False,0.6573675612931116,0.203979211113432,0.4533883501796796,11,14.616201380252184,0.96,19.2,0.96,42.96,25.0,76.7587208557129,11,,,
er_status,ER status,1000,Figure 2a best Top100 stability batch/consensus,12,TFF1,,False,0.6573675612931116,0.203979211113432,0.4533883501796796,12,14.61510904906268,0.96,18.54227405247813,0.96,43.16,25.0,74.17391754150391,12,,,
er_status,ER status,1000,Figure 2a best Top100 stability batch/consensus,13,ABAT,,False,0.6573675612931116,0.203979211113432,0.4533883501796796,13,14.61471735277418,0.96,19.2,0.96,43.28,25.0,73.1556004333496,13,,,
er_status,ER status,1000,Figure 2a best Top100 stability batch/consensus,14,CLSTN2,,False,0.6573675612931116,0.203979211113432,0.4533883501796796,14,14.61465598585342,0.96,17.92811839323467,0.96,43.08,25.0,79.99818908691407,14,,,
er_status,ER status,1000,Figure 2a best Top100 stability batch/consensus,15,CA12,,False,0.6573675612931116,0.203979211113432,0.4533883501796796,15,14.002744435094332,0.92,18.4,0.92,82.32,25.0,87.43449989318847,15,,,
er_status,ER status,1000,Figure 2a best Top100 stability batch/consensus,16,CACNA2D2,,False,0.6573675612931116,0.203979211113432,0.4533883501796796,16,14.001816917920582,0.92,17.769679300291543,0.92,82.52,25.0,87.7597940826416,16,,,
er_status,ER status,1000,Figure 2a best Top100 stability batch/consensus,17,CT62,,False,0.6573675612931116,0.203979211113432,0.4533883501796796,17,13.389844000240732,0.88,17.599999999999998,0.88,121.56,25.0,98.8174041748047,17,,,
er_status,ER status,1000,Figure 2a best Top100 stability batch/consensus,18,THSD4,,False,0.6573675612931116,0.203979211113432,0.4533883501796796,18,13.388009655312228,0.88,16.997084548104954,0.88,121.92,25.0,90.85459678649904,18,,,
er_status,ER status,1000,Figure 2a best Top100 stability batch/consensus,19,ERBB4,,False,0.6573675612931116,0.203979211113432,0.4533883501796796,19,13.387267641573224,0.88,16.997084548104954,0.88,122.08,25.0,86.06705764770508,19,,,
er_status,ER status,1000,Figure 2a best Top100 stability batch/consensus,20,LOC145837,,False,0.6573675612931116,0.203979211113432,0.4533883501796796,20,13.38706144871948,0.88,16.997084548104954,0.88,122.16,25.0,82.97418724060059,20,,,
er_status,ER status,1000,Figure 2a best Top100 stability batch/consensus,21,NAT1,pam50,True,0.6573675612931116,0.203979211113432,0.4533883501796796,21,13.386567006672225,0.88,16.43410852713178,0.88,103.36,25.0,90.5593783569336,21,,,
er_status,ER status,1000,Figure 2a best Top100 stability batch/consensus,22,PSAT1,,False,0.6573675612931116,0.203979211113432,0.4533883501796796,22,13.386504938415223,0.88,17.599999999999998,0.88,122.28,25.0,82.30438491821289,22,,,
er_status,ER status,1000,Figure 2a best Top100 stability batch/consensus,23,NXNL2,,False,0.6573675612931116,0.203979211113432,0.4533883501796796,23,13.386319434980477,0.88,16.997084548104954,0.88,122.32,25.0,72.93086631774902,23,,,
er_status,ER status,1000,Figure 2a best Top100 stability batch/consensus,24,MAPT,pam50,True,0.6573675612931116,0.203979211113432,0.4533883501796796,24,13.386133931545723,0.88,17.599999999999998,0.88,122.36,25.0,73.99572341918946,24,,,
er_status,ER status,1000,Figure 2a best Top100 stability batch/consensus,25,DACH1,,False,0.6573675612931116,0.203979211113432,0.4533883501796796,25,13.383619641135216,0.88,16.43410852713178,0.88,122.76,25.0,72.6269775390625,25,,,
er_status,ER status,1000,Figure 2a best Top100 stability batch/consensus,26,MAG,,False,0.6573675612931116,0.203979211113432,0.4533883501796796,26,13.382465241688712,0.88,16.997084548104954,0.88,123.08,25.0,61.339846725463865,26,,,
er_status,ER status,1000,Figure 2a best Top100 stability batch/consensus,27,TCEAL1,,False,0.6573675612931116,0.203979211113432,0.4533883501796796,27,13.38081640019496,0.88,16.43410852713178,0.88,123.4,25.0,66.09671257019043,27,,,
er_status,ER status,1000,Figure 2a best Top100 stability batch/consensus,28,TUBA3E,,False,0.6573675612931116,0.203979211113432,0.4533883501796796,28,13.380568828503216,0.88,17.599999999999998,0.88,123.56,25.0,48.21017078399658,28,,,
er_status,ER status,1000,Figure 2a best Top100 stability batch/consensus,29,EVL,,False,0.6573675612931116,0.203979211113432,0.4533883501796796,29,13.38023920047171,0.88,16.997084548104954,0.88,123.56,25.0,47.837597694396976,29,,,
er_status,ER status,1000,Figure 2a best Top100 stability batch/consensus,30,GFRA1,,False,0.6573675612931116,0.203979211113432,0.4533883501796796,30,13.379146869282206,0.88,16.997084548104954,0.88,123.76,25.0,54.73722660064697,30,,,
her2_status,HER2 status,small_batch_consensus,Figure 2a best Top100 stability batch/consensus,1,PSMD3,,,0.5470126511521619,0.1311967688868333,0.4158158822653286,1,,,,,,,,1,10.272687397124418,4.0,1.0
her2_status,HER2 status,small_batch_consensus,Figure 2a best Top100 stability batch/consensus,2,ERBB2,brca_driver|pam50,,0.5470126511521619,0.1311967688868333,0.4158158822653286,2,,,,,,,,2,10.363550845760958,4.0,1.0
her2_status,HER2 status,small_batch_consensus,Figure 2a best Top100 stability batch/consensus,3,C17orf37,,,0.5470126511521619,0.1311967688868333,0.4158158822653286,3,,,,,,,,3,10.484121894765732,4.0,1.0
her2_status,HER2 status,small_batch_consensus,Figure 2a best Top100 stability batch/consensus,4,MED24,,,0.5470126511521619,0.1311967688868333,0.4158158822653286,4,,,,,,,,4,10.483227347406991,4.0,4.0
her2_status,HER2 status,small_batch_consensus,Figure 2a best Top100 stability batch/consensus,5,PGAP3,,,0.5470126511521619,0.1311967688868333,0.4158158822653286,5,,,,,,,,5,10.241422875887988,4.0,3.0
her2_status,HER2 status,small_batch_consensus,Figure 2a best Top100 stability batch/consensus,6,GSDMB,,,0.5470126511521619,0.1311967688868333,0.4158158822653286,6,,,,,,,,6,9.917839666044593,4.0,3.0
her2_status,HER2 status,small_batch_consensus,Figure 2a best Top100 stability batch/consensus,7,STARD3,,,0.5470126511521619,0.1311967688868333,0.4158158822653286,7,,,,,,,,7,10.187430459591742,4.0,7.0
her2_status,HER2 status,small_batch_consensus,Figure 2a best Top100 stability batch/consensus,8,GRB7,pam50,,0.5470126511521619,0.1311967688868333,0.4158158822653286,8,,,,,,,,8,10.39367756464172,4.0,1.0
her2_status,HER2 status,small_batch_consensus,Figure 2a best Top100 stability batch/consensus,9,IDI1,,,0.5470126511521619,0.1311967688868333,0.4158158822653286,9,,,,,,,,9,9.91422284262655,4.0,6.0
her2_status,HER2 status,small_batch_consensus,Figure 2a best Top100 stability batch/consensus,10,PPP1R10,,,0.5470126511521619,0.1311967688868333,0.4158158822653286,10,,,,,,,,10,9.482589281813713,4.0,7.0
her2_status,HER2 status,small_batch_consensus,Figure 2a best Top100 stability batch/consensus,11,LOC90110,,,0.5470126511521619,0.1311967688868333,0.4158158822653286,11,,,,,,,,11,10.236590256839117,4.0,8.0
her2_status,HER2 status,small_batch_consensus,Figure 2a best Top100 stability batch/consensus,12,TCAP,,,0.5470126511521619,0.1311967688868333,0.4158158822653286,12,,,,,,,,12,10.216829639136794,4.0,5.0
her2_status,HER2 status,small_batch_consensus,Figure 2a best Top100 stability batch/consensus,13,RPL19,,,0.5470126511521619,0.1311967688868333,0.4158158822653286,13,,,,,,,,13,10.116356461319748,4.0,6.0
her2_status,HER2 status,small_batch_consensus,Figure 2a best Top100 stability batch/consensus,14,CWC25,,,0.5470126511521619,0.1311967688868333,0.4158158822653286,14,,,,,,,,14,10.179251729096611,4.0,14.0
her2_status,HER2 status,small_batch_consensus,Figure 2a best Top100 stability batch/consensus,15,ORMDL3,,,0.5470126511521619,0.1311967688868333,0.4158158822653286,15,,,,,,,,15,10.09545415869691,4.0,3.0
her2_status,HER2 status,small_batch_consensus,Figure 2a best Top100 stability batch/consensus,16,CDK12,,,0.5470126511521619,0.1311967688868333,0.4158158822653286,16,,,,,,,,16,9.917867986763628,4.0,4.0
her2_status,HER2 status,small_batch_consensus,Figure 2a best Top100 stability batch/consensus,17,MED1,,,0.5470126511521619,0.1311967688868333,0.4158158822653286,17,,,,,,,,17,10.07627265515478,4.0,3.0
her2_status,HER2 status,small_batch_consensus,Figure 2a best Top100 stability batch/consensus,18,ST3GAL3,,,0.5470126511521619,0.1311967688868333,0.4158158822653286,18,,,,,,,,18,9.356140124557813,4.0,9.0
her2_status,HER2 status,small_batch_consensus,Figure 2a best Top100 stability batch/consensus,19,CASC3,,,0.5470126511521619,0.1311967688868333,0.4158158822653286,19,,,,,,,,19,10.305810763762608,4.0,7.0
her2_status,HER2 status,small_batch_consensus,Figure 2a best Top100 stability batch/consensus,20,OPRL1,,,0.5470126511521619,0.1311967688868333,0.4158158822653286,20,,,,,,,,20,9.58696062522095,4.0,18.0
her2_status,HER2 status,small_batch_consensus,Figure 2a best Top100 stability batch/consensus,21,MSL1,,,0.5470126511521619,0.1311967688868333,0.4158158822653286,21,,,,,,,,21,9.503356515358025,4.0,6.0
her2_status,HER2 status,small_batch_consensus,Figure 2a best Top100 stability batch/consensus,22,TMEM86A,,,0.5470126511521619,0.1311967688868333,0.4158158822653286,22,,,,,,,,22,9.058321179892529,4.0,13.0
her2_status,HER2 status,small_batch_consensus,Figure 2a best Top100 stability batch/consensus,23,TMEM49,,,0.5470126511521619,0.1311967688868333,0.4158158822653286,23,,,,,,,,23,9.407098251610504,4.0,22.0
her2_status,HER2 status,small_batch_consensus,Figure 2a best Top100 stability batch/consensus,24,LASP1,,,0.5470126511521619,0.1311967688868333,0.4158158822653286,24,,,,,,,,24,8.998180875345591,4.0,19.0
her2_status,HER2 status,small_batch_consensus,Figure 2a best Top100 stability batch/consensus,25,PIP4K2B,,,0.5470126511521619,0.1311967688868333,0.4158158822653286,25,,,,,,,,25,9.420764753445784,4.0,14.0
her2_status,HER2 status,small_batch_consensus,Figure 2a best Top100 stability batch/consensus,26,COL27A1,,,0.5470126511521619,0.1311967688868333,0.4158158822653286,26,,,,,,,,26,9.088855776198308,4.0,17.0
her2_status,HER2 status,small_batch_consensus,Figure 2a best Top100 stability batch/consensus,27,ZC3H6,,,0.5470126511521619,0.1311967688868333,0.4158158822653286,27,,,,,,,,27,8.75717576024417,4.0,30.0
her2_status,HER2 status,small_batch_consensus,Figure 2a best Top100 stability batch/consensus,28,DNM1P35,,,0.5470126511521619,0.1311967688868333,0.4158158822653286,28,,,,,,,,28,8.4854467446467,4.0,14.0
her2_status,HER2 status,small_batch_consensus,Figure 2a best Top100 stability batch/consensus,29,FA2H,,,0.5470126511521619,0.1311967688868333,0.4158158822653286,29,,,,,,,,29,8.527741323569341,4.0,28.0
her2_status,HER2 status,small_batch_consensus,Figure 2a best Top100 stability batch/consensus,30,CATSPERB,,,0.5470126511521619,0.1311967688868333,0.4158158822653286,30,,,,,,,,30,9.582328305423218,4.0,17.0
tnbc_status,TNBC status,small_batch_consensus,Figure 2a best Top100 stability batch/consensus,1,TBC1D9,,,0.5845804341143003,0.1747384061383736,0.4098420279759266,1,,,,,,,,1,9.514258108300972,4.0,1.0
tnbc_status,TNBC status,small_batch_consensus,Figure 2a best Top100 stability batch/consensus,2,AGR3,,,0.5845804341143003,0.1747384061383736,0.4098420279759266,2,,,,,,,,2,9.411677454083405,4.0,2.0
tnbc_status,TNBC status,small_batch_consensus,Figure 2a best Top100 stability batch/consensus,3,C6orf97,,,0.5845804341143003,0.1747384061383736,0.4098420279759266,3,,,,,,,,3,9.241518633739409,4.0,1.0
tnbc_status,TNBC status,small_batch_consensus,Figure 2a best Top100 stability batch/consensus,4,FOXA1,brca_driver|pam50,,0.5845804341143003,0.1747384061383736,0.4098420279759266,4,,,,,,,,4,9.383298281873078,4.0,4.0
tnbc_status,TNBC status,small_batch_consensus,Figure 2a best Top100 stability batch/consensus,5,GATA3,brca_driver,,0.5845804341143003,0.1747384061383736,0.4098420279759266,5,,,,,,,,5,9.384012788419492,4.0,5.0
tnbc_status,TNBC status,small_batch_consensus,Figure 2a best Top100 stability batch/consensus,6,FOXC1,pam50,,0.5845804341143003,0.1747384061383736,0.4098420279759266,6,,,,,,,,6,9.248392068844218,4.0,4.0
tnbc_status,TNBC status,small_batch_consensus,Figure 2a best Top100 stability batch/consensus,7,MLPH,pam50,,0.5845804341143003,0.1747384061383736,0.4098420279759266,7,,,,,,,,7,9.110944039134608,4.0,9.0
tnbc_status,TNBC status,small_batch_consensus,Figure 2a best Top100 stability batch/consensus,8,B3GNT5,,,0.5845804341143003,0.1747384061383736,0.4098420279759266,8,,,,,,,,8,9.085706688037638,4.0,3.0
tnbc_status,TNBC status,small_batch_consensus,Figure 2a best Top100 stability batch/consensus,9,ANXA9,,,0.5845804341143003,0.1747384061383736,0.4098420279759266,9,,,,,,,,9,8.863501218535408,4.0,6.0
tnbc_status,TNBC status,small_batch_consensus,Figure 2a best Top100 stability batch/consensus,10,XBP1,,,0.5845804341143003,0.1747384061383736,0.4098420279759266,10,,,,,,,,10,9.52352915671134,4.0,3.0
tnbc_status,TNBC status,small_batch_consensus,Figure 2a best Top100 stability batch/consensus,11,PRR15,,,0.5845804341143003,0.1747384061383736,0.4098420279759266,11,,,,,,,,11,9.200067222874186,4.0,3.0
tnbc_status,TNBC status,small_batch_consensus,Figure 2a best Top100 stability batch/consensus,12,NAT1,pam50,,0.5845804341143003,0.1747384061383736,0.4098420279759266,12,,,,,,,,12,8.572553857633954,4.0,22.0
tnbc_status,TNBC status,small_batch_consensus,Figure 2a best Top100 stability batch/consensus,13,SLC16A6,,,0.5845804341143003,0.1747384061383736,0.4098420279759266,13,,,,,,,,13,9.447918588253309,4.0,1.0
tnbc_status,TNBC status,small_batch_consensus,Figure 2a best Top100 stability batch/consensus,14,SLC39A6,pam50,,0.5845804341143003,0.1747384061383736,0.4098420279759266,14,,,,,,,,14,8.978007189778445,4.0,4.0
tnbc_status,TNBC status,small_batch_consensus,Figure 2a best Top100 stability batch/consensus,15,MICALL1,,,0.5845804341143003,0.1747384061383736,0.4098420279759266,15,,,,,,,,15,8.088481083766203,4.0,15.0
tnbc_status,TNBC status,small_batch_consensus,Figure 2a best Top100 stability batch/consensus,16,GPR77,,,0.5845804341143003,0.1747384061383736,0.4098420279759266,16,,,,,,,,16,8.995853744485991,4.0,13.0
tnbc_status,TNBC status,small_batch_consensus,Figure 2a best Top100 stability batch/consensus,17,AGR2,,,0.5845804341143003,0.1747384061383736,0.4098420279759266,17,,,,,,,,17,8.447316201338465,4.0,2.0
tnbc_status,TNBC status,small_batch_consensus,Figure 2a best Top100 stability batch/consensus,18,DNALI1,,,0.5845804341143003,0.1747384061383736,0.4098420279759266,18,,,,,,,,18,8.265337936229919,4.0,14.0
tnbc_status,TNBC status,small_batch_consensus,Figure 2a best Top100 stability batch/consensus,19,CT62,,,0.5845804341143003,0.1747384061383736,0.4098420279759266,19,,,,,,,,19,9.141776658937063,4.0,12.0
tnbc_status,TNBC status,small_batch_consensus,Figure 2a best Top100 stability batch/consensus,20,CA12,,,0.5845804341143003,0.1747384061383736,0.4098420279759266,20,,,,,,,,20,8.926384503923112,4.0,10.0
tnbc_status,TNBC status,small_batch_consensus,Figure 2a best Top100 stability batch/consensus,21,BCL11A,,,0.5845804341143003,0.1747384061383736,0.4098420279759266,21,,,,,,,,21,7.780971003505639,4.0,11.0
tnbc_status,TNBC status,small_batch_consensus,Figure 2a best Top100 stability batch/consensus,22,MCCC2,,,0.5845804341143003,0.1747384061383736,0.4098420279759266,22,,,,,,,,22,8.13706404112476,4.0,15.0
tnbc_status,TNBC status,small_batch_consensus,Figure 2a best Top100 stability batch/consensus,23,LOC145837,,,0.5845804341143003,0.1747384061383736,0.4098420279759266,23,,,,,,,,23,8.865438534724182,4.0,12.0
tnbc_status,TNBC status,small_batch_consensus,Figure 2a best Top100 stability batch/consensus,24,FSIP1,,,0.5845804341143003,0.1747384061383736,0.4098420279759266,24,,,,,,,,24,9.085499556001992,4.0,13.0
tnbc_status,TNBC status,small_batch_consensus,Figure 2a best Top100 stability batch/consensus,25,INPP5J,,,0.5845804341143003,0.1747384061383736,0.4098420279759266,25,,,,,,,,25,8.863847739675277,4.0,9.0
tnbc_status,TNBC status,small_batch_consensus,Figure 2a best Top100 stability batch/consensus,26,ERBB4,,,0.5845804341143003,0.1747384061383736,0.4098420279759266,26,,,,,,,,26,7.9307503829041694,4.0,3.0
tnbc_status,TNBC status,small_batch_consensus,Figure 2a best Top100 stability batch/consensus,27,IFRD1,,,0.5845804341143003,0.1747384061383736,0.4098420279759266,27,,,,,,,,27,8.922835040889211,4.0,15.0
tnbc_status,TNBC status,small_batch_consensus,Figure 2a best Top100 stability batch/consensus,28,F7,,,0.5845804341143003,0.1747384061383736,0.4098420279759266,28,,,,,,,,28,8.559617054820247,4.0,30.0
tnbc_status,TNBC status,small_batch_consensus,Figure 2a best Top100 stability batch/consensus,29,ZNF552,,,0.5845804341143003,0.1747384061383736,0.4098420279759266,29,,,,,,,,29,8.738504575497394,4.0,23.0
tnbc_status,TNBC status,small_batch_consensus,Figure 2a best Top100 stability batch/consensus,30,KDM4B,,,0.5845804341143003,0.1747384061383736,0.4098420279759266,30,,,,,,,,30,7.825295704023889,4.0,25.0
tumor_normal,Tumour normal,500,Figure 2a best Top100 stability batch/consensus,1,COL10A1,,False,0.5799215874225399,0.17795900461201,0.4019625828105299,1,11.25565880618573,1.0,10.0,1.0,1.84,25.0,88.72400024414063,1,,,
tumor_normal,Tumour normal,500,Figure 2a best Top100 stability batch/consensus,2,ADAMTS5,,False,0.5799215874225399,0.17795900461201,0.4019625828105299,2,11.253435950223285,1.0,10.02269288956127,1.0,2.16,25.0,78.7944036102295,2,,,
tumor_normal,Tumour normal,500,Figure 2a best Top100 stability batch/consensus,3,SDPR,,False,0.5799215874225399,0.17795900461201,0.4019625828105299,3,11.253158093227976,1.0,10.0,1.0,2.2,25.0,74.08222035884857,3,,,
tumor_normal,Tumour normal,500,Figure 2a best Top100 stability batch/consensus,4,CD300LG,,False,0.5799215874225399,0.17795900461201,0.4019625828105299,4,11.252340279727616,1.0,10.02269288956127,1.0,2.32,25.0,71.58557655334472,4,,,
tumor_normal,Tumour normal,500,Figure 2a best Top100 stability batch/consensus,5,GIPC2,,False,0.5799215874225399,0.17795900461201,0.4019625828105299,5,11.244560283859052,1.0,10.02269288956127,1.0,3.44,25.0,59.37435882568359,5,,,
tumor_normal,Tumour normal,500,Figure 2a best Top100 stability batch/consensus,6,TMEM220,,False,0.5799215874225399,0.17795900461201,0.4019625828105299,6,10.796918761796976,0.96,9.6,0.96,21.6,25.0,88.33393035888672,6,,,
tumor_normal,Tumour normal,500,Figure 2a best Top100 stability batch/consensus,7,SPRY2,,False,0.5799215874225399,0.17795900461201,0.4019625828105299,7,10.794418048839225,0.96,9.6,0.96,21.96,25.0,81.8602555847168,7,,,
tumor_normal,Tumour normal,500,Figure 2a best Top100 stability batch/consensus,8,HIF3A,,False,0.5799215874225399,0.17795900461201,0.4019625828105299,8,10.793584477853306,0.96,9.6,0.96,22.08,25.0,69.89900619506835,8,,,
tumor_normal,Tumour normal,500,Figure 2a best Top100 stability batch/consensus,9,SCN4B,,False,0.5799215874225399,0.17795900461201,0.4019625828105299,9,10.793584477853306,0.96,9.6,0.96,22.08,25.0,78.62627136230469,9,,,
tumor_normal,Tumour normal,500,Figure 2a best Top100 stability batch/consensus,10,LMOD1,,False,0.5799215874225399,0.17795900461201,0.4019625828105299,10,10.792520322328752,0.96,9.643669446550415,0.96,22.24,25.0,76.70607482910157,10,,,
tumor_normal,Tumour normal,500,Figure 2a best Top100 stability batch/consensus,11,PPP1R12B,,False,0.5799215874225399,0.17795900461201,0.4019625828105299,11,10.791639478886164,0.96,9.6,0.96,22.36,25.0,76.38648536682129,11,,,
tumor_normal,Tumour normal,500,Figure 2a best Top100 stability batch/consensus,12,FAM13A,,False,0.5799215874225399,0.17795900461201,0.4019625828105299,12,10.790805907900248,0.96,9.6,0.96,22.48,25.0,72.59801345825196,12,,,
tumor_normal,Tumour normal,500,Figure 2a best Top100 stability batch/consensus,13,CA4,,False,0.5799215874225399,0.17795900461201,0.4019625828105299,13,10.790281708880748,0.96,9.62178517397882,0.96,22.56,25.0,60.96512439727783,13,,,
tumor_normal,Tumour normal,500,Figure 2a best Top100 stability batch/consensus,14,NKAPL,,False,0.5799215874225399,0.17795900461201,0.4019625828105299,14,10.78941662292372,0.96,9.6,0.96,22.68,25.0,63.22331621170044,14,,,
tumor_normal,Tumour normal,500,Figure 2a best Top100 stability batch/consensus,15,MAMDC2,,False,0.5799215874225399,0.17795900461201,0.4019625828105299,15,10.788646081880024,0.96,9.643669446550415,0.96,22.8,25.0,71.45355361938476,15,,,
tumor_normal,Tumour normal,500,Figure 2a best Top100 stability batch/consensus,16,MME,,False,0.5799215874225399,0.17795900461201,0.4019625828105299,16,10.787749480951884,0.96,9.6,0.96,22.92,25.0,58.45332378387451,16,,,
tumor_normal,Tumour normal,500,Figure 2a best Top100 stability batch/consensus,17,HOXA4,,False,0.5799215874225399,0.17795900461201,0.4019625828105299,17,10.787367099302388,0.96,9.643669446550415,0.96,23.0,25.0,55.25668746948242,17,,,
tumor_normal,Tumour normal,500,Figure 2a best Top100 stability batch/consensus,18,SLC35A2,,False,0.5799215874225399,0.17795900461201,0.4019625828105299,18,10.784415197008212,0.96,9.6,0.96,23.4,25.0,54.13608123779297,18,,,
tumor_normal,Tumour normal,500,Figure 2a best Top100 stability batch/consensus,19,TSLP,,False,0.5799215874225399,0.17795900461201,0.4019625828105299,19,10.335678004450472,0.92,9.2,0.92,41.72,25.0,74.58902252197265,19,,,
tumor_normal,Tumour normal,500,Figure 2a best Top100 stability batch/consensus,20,NEK2,,False,0.5799215874225399,0.17795900461201,0.4019625828105299,20,10.335400147455166,0.92,9.2,0.92,41.76,25.0,73.36887496948242,20,,,
tumor_normal,Tumour normal,500,Figure 2a best Top100 stability batch/consensus,21,FIGF,,False,0.5799215874225399,0.17795900461201,0.4019625828105299,21,10.333733005483332,0.92,9.241849886277482,0.92,42.0,25.0,69.68564414978027,21,,,
tumor_normal,Tumour normal,500,Figure 2a best Top100 stability batch/consensus,22,MATN2,,False,0.5799215874225399,0.17795900461201,0.4019625828105299,22,10.332375235477915,0.92,9.22087745839637,0.92,42.2,25.0,64.35177276611329,22,,,
tumor_normal,Tumour normal,500,Figure 2a best Top100 stability batch/consensus,23,SCARA5,,False,0.5799215874225399,0.17795900461201,0.4019625828105299,23,10.331510149520884,0.92,9.2,0.92,42.32,25.0,62.52898620605469,23,,,
tumor_normal,Tumour normal,500,Figure 2a best Top100 stability batch/consensus,24,CAV1,,False,0.5799215874225399,0.17795900461201,0.4019625828105299,24,10.330120864544355,0.92,9.22087745839637,0.92,42.52,25.0,64.32174728393555,24,,,
tumor_normal,Tumour normal,500,Figure 2a best Top100 stability batch/consensus,25,ITIH5,,False,0.5799215874225399,0.17795900461201,0.4019625828105299,25,10.32984300754905,0.92,9.2,0.92,42.56,25.0,59.44246067047119,25,,,
tumor_normal,Tumour normal,500,Figure 2a best Top100 stability batch/consensus,26,STAT5B,,False,0.5799215874225399,0.17795900461201,0.4019625828105299,26,10.324610997094906,0.92,9.22087745839637,0.92,43.32,25.0,44.69650238037109,26,,,
tumor_normal,Tumour normal,500,Figure 2a best Top100 stability batch/consensus,27,PLA2G4A,,False,0.5799215874225399,0.17795900461201,0.4019625828105299,27,10.322340868675791,0.92,9.2,0.92,43.64,25.0,39.418150901794434,27,,,
tumor_normal,Tumour normal,500,Figure 2a best Top100 stability batch/consensus,28,ABCA10,,False,0.5799215874225399,0.17795900461201,0.4019625828105299,28,9.87415939010866,0.88,8.799999999999999,0.88,61.88,25.0,70.23075019836426,28,,,
tumor_normal,Tumour normal,500,Figure 2a best Top100 stability batch/consensus,29,ITM2A,,False,0.5799215874225399,0.17795900461201,0.4019625828105299,29,9.87415939010866,0.88,8.799999999999999,0.88,61.88,25.0,63.82637046813965,29,,,
tumor_normal,Tumour normal,500,Figure 2a best Top100 stability batch/consensus,30,CAV2,,False,0.5799215874225399,0.17795900461201,0.4019625828105299,30,9.872770105132131,0.88,8.799999999999999,0.88,62.08,25.0,64.9011759185791,30,,,
pam50_subtype,PAM50 subtype,small_batch_consensus,Figure 2a best Top100 stability batch/consensus,1,XBP1,,,0.5510603683901671,0.3574618393753776,0.1935985290147895,1,,,,,,,,1,4.018506048065422,4.0,2.0
pam50_subtype,PAM50 subtype,small_batch_consensus,Figure 2a best Top100 stability batch/consensus,2,ROPN1,,,0.5510603683901671,0.3574618393753776,0.1935985290147895,2,,,,,,,,2,4.018309984864922,4.0,3.0
pam50_subtype,PAM50 subtype,small_batch_consensus,Figure 2a best Top100 stability batch/consensus,3,MLPH,pam50,,0.5510603683901671,0.3574618393753776,0.1935985290147895,3,,,,,,,,3,4.018729223132463,4.0,1.0
pam50_subtype,PAM50 subtype,small_batch_consensus,Figure 2a best Top100 stability batch/consensus,4,FOXA1,brca_driver|pam50,,0.5510603683901671,0.3574618393753776,0.1935985290147895,4,,,,,,,,4,4.01810757136648,4.0,2.0
pam50_subtype,PAM50 subtype,small_batch_consensus,Figure 2a best Top100 stability batch/consensus,5,FOXC1,pam50,,0.5510603683901671,0.3574618393753776,0.1935985290147895,5,,,,,,,,5,4.016622229248863,4.0,1.0
pam50_subtype,PAM50 subtype,small_batch_consensus,Figure 2a best Top100 stability batch/consensus,6,PRR15,,,0.5510603683901671,0.3574618393753776,0.1935985290147895,6,,,,,,,,6,4.015214061697732,4.0,6.0
pam50_subtype,PAM50 subtype,small_batch_consensus,Figure 2a best Top100 stability batch/consensus,7,ERGIC1,,,0.5510603683901671,0.3574618393753776,0.1935985290147895,7,,,,,,,,7,4.01411329757478,4.0,14.0
pam50_subtype,PAM50 subtype,small_batch_consensus,Figure 2a best Top100 stability batch/consensus,8,SPDEF,,,0.5510603683901671,0.3574618393753776,0.1935985290147895,8,,,,,,,,8,4.014998865180324,4.0,2.0
pam50_subtype,PAM50 subtype,small_batch_consensus,Figure 2a best Top100 stability batch/consensus,9,TFF3,,,0.5510603683901671,0.3574618393753776,0.1935985290147895,9,,,,,,,,9,3.9508833921125697,4.0,2.0
pam50_subtype,PAM50 subtype,small_batch_consensus,Figure 2a best Top100 stability batch/consensus,10,BCL11A,,,0.5510603683901671,0.3574618393753776,0.1935985290147895,10,,,,,,,,10,4.012793278939278,4.0,10.0
pam50_subtype,PAM50 subtype,small_batch_consensus,Figure 2a best Top100 stability batch/consensus,11,C17orf37,,,0.5510603683901671,0.3574618393753776,0.1935985290147895,11,,,,,,,,11,4.012104750332355,4.0,17.0
pam50_subtype,PAM50 subtype,small_batch_consensus,Figure 2a best Top100 stability batch/consensus,12,SFRS13B,,,0.5510603683901671,0.3574618393753776,0.1935985290147895,12,,,,,,,,12,3.9484552430797737,4.0,13.0
pam50_subtype,PAM50 subtype,small_batch_consensus,Figure 2a best Top100 stability batch/consensus,13,TBC1D9,,,0.5510603683901671,0.3574618393753776,0.1935985290147895,13,,,,,,,,13,4.0123196877239815,4.0,6.0
pam50_subtype,PAM50 subtype,small_batch_consensus,Figure 2a best Top100 stability batch/consensus,14,PPP1R14C,,,0.5510603683901671,0.3574618393753776,0.1935985290147895,14,,,,,,,,14,4.010560039070432,4.0,22.0
pam50_subtype,PAM50 subtype,small_batch_consensus,Figure 2a best Top100 stability batch/consensus,15,FAM171A1,,,0.5510603683901671,0.3574618393753776,0.1935985290147895,15,,,,,,,,15,3.9469405267099775,4.0,4.0
pam50_subtype,PAM50 subtype,small_batch_consensus,Figure 2a best Top100 stability batch/consensus,16,DLGAP5,,,0.5510603683901671,0.3574618393753776,0.1935985290147895,16,,,,,,,,16,4.0108611054046825,4.0,23.0
pam50_subtype,PAM50 subtype,small_batch_consensus,Figure 2a best Top100 stability batch/consensus,17,GRB7,pam50,,0.5510603683901671,0.3574618393753776,0.1935985290147895,17,,,,,,,,17,4.011475139380499,4.0,13.0
pam50_subtype,PAM50 subtype,small_batch_consensus,Figure 2a best Top100 stability batch/consensus,18,PGAP3,,,0.5510603683901671,0.3574618393753776,0.1935985290147895,18,,,,,,,,18,4.01080078117965,4.0,18.0
pam50_subtype,PAM50 subtype,small_batch_consensus,Figure 2a best Top100 stability batch/consensus,19,C17orf28,,,0.5510603683901671,0.3574618393753776,0.1935985290147895,19,,,,,,,,19,3.948371569628461,4.0,5.0
pam50_subtype,PAM50 subtype,small_batch_consensus,Figure 2a best Top100 stability batch/consensus,20,SFT2D2,,,0.5510603683901671,0.3574618393753776,0.1935985290147895,20,,,,,,,,20,3.9468182764309607,4.0,9.0
pam50_subtype,PAM50 subtype,small_batch_consensus,Figure 2a best Top100 stability batch/consensus,21,STARD3,,,0.5510603683901671,0.3574618393753776,0.1935985290147895,21,,,,,,,,21,4.010253922507948,4.0,21.0
pam50_subtype,PAM50 subtype,small_batch_consensus,Figure 2a best Top100 stability batch/consensus,22,RND1,,,0.5510603683901671,0.3574618393753776,0.1935985290147895,22,,,,,,,,22,3.946181150836711,4.0,16.0
pam50_subtype,PAM50 subtype,small_batch_consensus,Figure 2a best Top100 stability batch/consensus,23,RGMA,,,0.5510603683901671,0.3574618393753776,0.1935985290147895,23,,,,,,,,23,4.010088458012354,4.0,16.0
pam50_subtype,PAM50 subtype,small_batch_consensus,Figure 2a best Top100 stability batch/consensus,24,TRIM3,,,0.5510603683901671,0.3574618393753776,0.1935985290147895,24,,,,,,,,24,3.947478259893471,4.0,6.0
pam50_subtype,PAM50 subtype,small_batch_consensus,Figure 2a best Top100 stability batch/consensus,25,AGR2,,,0.5510603683901671,0.3574618393753776,0.1935985290147895,25,,,,,,,,25,3.88262385195285,4.0,5.0
pam50_subtype,PAM50 subtype,small_batch_consensus,Figure 2a best Top100 stability batch/consensus,26,CEP55,pam50,,0.5510603683901671,0.3574618393753776,0.1935985290147895,26,,,,,,,,26,4.008773767835906,4.0,27.0
pam50_subtype,PAM50 subtype,small_batch_consensus,Figure 2a best Top100 stability batch/consensus,27,PMAIP1,,,0.5510603683901671,0.3574618393753776,0.1935985290147895,27,,,,,,,,27,4.008684858549122,4.0,24.0
pam50_subtype,PAM50 subtype,small_batch_consensus,Figure 2a best Top100 stability batch/consensus,28,LOC145837,,,0.5510603683901671,0.3574618393753776,0.1935985290147895,28,,,,,,,,28,4.0109857195163965,4.0,8.0
pam50_subtype,PAM50 subtype,small_batch_consensus,Figure 2a best Top100 stability batch/consensus,29,GABRP,,,0.5510603683901671,0.3574618393753776,0.1935985290147895,29,,,,,,,,29,3.918616483287381,4.0,12.0
pam50_subtype,PAM50 subtype,small_batch_consensus,Figure 2a best Top100 stability batch/consensus,30,TMEM45B,pam50,,0.5510603683901671,0.3574618393753776,0.1935985290147895,30,,,,,,,,30,4.007909188066215,4.0,33.0
pam50_subtype_no_pam50_genes,PAM50 without PAM50 genes,small_batch_consensus,Figure 2a best Top100 stability batch/consensus,1,PRR15,,,0.5803091271203333,0.3656520482447482,0.2146570788755851,1,,,,,,,,1,4.026464579189192,4.0,1.0
pam50_subtype_no_pam50_genes,PAM50 without PAM50 genes,small_batch_consensus,Figure 2a best Top100 stability batch/consensus,2,XBP1,,,0.5803091271203333,0.3656520482447482,0.2146570788755851,2,,,,,,,,2,4.025846418818082,4.0,1.0
pam50_subtype_no_pam50_genes,PAM50 without PAM50 genes,small_batch_consensus,Figure 2a best Top100 stability batch/consensus,3,SPDEF,,,0.5803091271203333,0.3656520482447482,0.2146570788755851,3,,,,,,,,3,4.02512615398815,4.0,3.0
pam50_subtype_no_pam50_genes,PAM50 without PAM50 genes,small_batch_consensus,Figure 2a best Top100 stability batch/consensus,4,LOC145837,,,0.5803091271203333,0.3656520482447482,0.2146570788755851,4,,,,,,,,4,4.025719711067825,4.0,2.0
pam50_subtype_no_pam50_genes,PAM50 without PAM50 genes,small_batch_consensus,Figure 2a best Top100 stability batch/consensus,5,ROPN1,,,0.5803091271203333,0.3656520482447482,0.2146570788755851,5,,,,,,,,5,4.024759100942384,4.0,4.0
pam50_subtype_no_pam50_genes,PAM50 without PAM50 genes,small_batch_consensus,Figure 2a best Top100 stability batch/consensus,6,C17orf28,,,0.5803091271203333,0.3656520482447482,0.2146570788755851,6,,,,,,,,6,4.024208571236836,4.0,3.0
pam50_subtype_no_pam50_genes,PAM50 without PAM50 genes,small_batch_consensus,Figure 2a best Top100 stability batch/consensus,7,SIDT1,,,0.5803091271203333,0.3656520482447482,0.2146570788755851,7,,,,,,,,7,4.024834949408147,4.0,1.0
pam50_subtype_no_pam50_genes,PAM50 without PAM50 genes,small_batch_consensus,Figure 2a best Top100 stability batch/consensus,8,BCL11A,,,0.5803091271203333,0.3656520482447482,0.2146570788755851,8,,,,,,,,8,4.022726746077471,4.0,7.0
pam50_subtype_no_pam50_genes,PAM50 without PAM50 genes,small_batch_consensus,Figure 2a best Top100 stability batch/consensus,9,C9orf170,,,0.5803091271203333,0.3656520482447482,0.2146570788755851,9,,,,,,,,9,4.022112114530146,4.0,8.0
pam50_subtype_no_pam50_genes,PAM50 without PAM50 genes,small_batch_consensus,Figure 2a best Top100 stability batch/consensus,10,FA2H,,,0.5803091271203333,0.3656520482447482,0.2146570788755851,10,,,,,,,,10,4.022245713766643,4.0,10.0
pam50_subtype_no_pam50_genes,PAM50 without PAM50 genes,small_batch_consensus,Figure 2a best Top100 stability batch/consensus,11,SFRS13B,,,0.5803091271203333,0.3656520482447482,0.2146570788755851,11,,,,,,,,11,4.021961565684586,4.0,7.0
pam50_subtype_no_pam50_genes,PAM50 without PAM50 genes,small_batch_consensus,Figure 2a best Top100 stability batch/consensus,12,RND1,,,0.5803091271203333,0.3656520482447482,0.2146570788755851,12,,,,,,,,12,3.956180255394055,4.0,1.0
pam50_subtype_no_pam50_genes,PAM50 without PAM50 genes,small_batch_consensus,Figure 2a best Top100 stability batch/consensus,13,FAM171A1,,,0.5803091271203333,0.3656520482447482,0.2146570788755851,13,,,,,,,,13,4.022722320608554,4.0,2.0
pam50_subtype_no_pam50_genes,PAM50 without PAM50 genes,small_batch_consensus,Figure 2a best Top100 stability batch/consensus,14,TMBIM6,,,0.5803091271203333,0.3656520482447482,0.2146570788755851,14,,,,,,,,14,4.02028805746083,4.0,6.0
pam50_subtype_no_pam50_genes,PAM50 without PAM50 genes,small_batch_consensus,Figure 2a best Top100 stability batch/consensus,15,TRIM3,,,0.5803091271203333,0.3656520482447482,0.2146570788755851,15,,,,,,,,15,3.9561006489483614,4.0,13.0
pam50_subtype_no_pam50_genes,PAM50 without PAM50 genes,small_batch_consensus,Figure 2a best Top100 stability batch/consensus,16,TBC1D9,,,0.5803091271203333,0.3656520482447482,0.2146570788755851,16,,,,,,,,16,4.019790038959741,4.0,13.0
pam50_subtype_no_pam50_genes,PAM50 without PAM50 genes,small_batch_consensus,Figure 2a best Top100 stability batch/consensus,17,PPP1R14C,,,0.5803091271203333,0.3656520482447482,0.2146570788755851,17,,,,,,,,17,4.0187726322954,4.0,24.0
pam50_subtype_no_pam50_genes,PAM50 without PAM50 genes,small_batch_consensus,Figure 2a best Top100 stability batch/consensus,18,AGR2,,,0.5803091271203333,0.3656520482447482,0.2146570788755851,18,,,,,,,,18,3.955361298577567,4.0,3.0
pam50_subtype_no_pam50_genes,PAM50 without PAM50 genes,small_batch_consensus,Figure 2a best Top100 stability batch/consensus,19,DSC2,,,0.5803091271203333,0.3656520482447482,0.2146570788755851,19,,,,,,,,19,3.95338769939442,4.0,4.0
pam50_subtype_no_pam50_genes,PAM50 without PAM50 genes,small_batch_consensus,Figure 2a best Top100 stability batch/consensus,20,ERGIC1,,,0.5803091271203333,0.3656520482447482,0.2146570788755851,20,,,,,,,,20,4.020341745809176,4.0,5.0
pam50_subtype_no_pam50_genes,PAM50 without PAM50 genes,small_batch_consensus,Figure 2a best Top100 stability batch/consensus,21,STARD3,,,0.5803091271203333,0.3656520482447482,0.2146570788755851,21,,,,,,,,21,4.018194421585724,4.0,18.0
pam50_subtype_no_pam50_genes,PAM50 without PAM50 genes,small_batch_consensus,Figure 2a best Top100 stability batch/consensus,22,PMAIP1,,,0.5803091271203333,0.3656520482447482,0.2146570788755851,22,,,,,,,,22,4.017908384963151,4.0,17.0
pam50_subtype_no_pam50_genes,PAM50 without PAM50 genes,small_batch_consensus,Figure 2a best Top100 stability batch/consensus,23,CA12,,,0.5803091271203333,0.3656520482447482,0.2146570788755851,23,,,,,,,,23,4.017500296381611,4.0,21.0
pam50_subtype_no_pam50_genes,PAM50 without PAM50 genes,small_batch_consensus,Figure 2a best Top100 stability batch/consensus,24,C17orf37,,,0.5803091271203333,0.3656520482447482,0.2146570788755851,24,,,,,,,,24,4.01753463297252,4.0,29.0
pam50_subtype_no_pam50_genes,PAM50 without PAM50 genes,small_batch_consensus,Figure 2a best Top100 stability batch/consensus,25,SFT2D2,,,0.5803091271203333,0.3656520482447482,0.2146570788755851,25,,,,,,,,25,3.887075577584138,4.0,2.0
pam50_subtype_no_pam50_genes,PAM50 without PAM50 genes,small_batch_consensus,Figure 2a best Top100 stability batch/consensus,26,LOC150622,,,0.5803091271203333,0.3656520482447482,0.2146570788755851,26,,,,,,,,26,4.016625783492485,4.0,20.0
pam50_subtype_no_pam50_genes,PAM50 without PAM50 genes,small_batch_consensus,Figure 2a best Top100 stability batch/consensus,27,RGMA,,,0.5803091271203333,0.3656520482447482,0.2146570788755851,27,,,,,,,,27,4.016860598431364,4.0,15.0
pam50_subtype_no_pam50_genes,PAM50 without PAM50 genes,small_batch_consensus,Figure 2a best Top100 stability batch/consensus,28,CHODL,,,0.5803091271203333,0.3656520482447482,0.2146570788755851,28,,,,,,,,28,3.8876911669050473,4.0,5.0
pam50_subtype_no_pam50_genes,PAM50 without PAM50 genes,small_batch_consensus,Figure 2a best Top100 stability batch/consensus,29,CLCA2,,,0.5803091271203333,0.3656520482447482,0.2146570788755851,29,,,,,,,,29,4.015965139216457,4.0,26.0
pam50_subtype_no_pam50_genes,PAM50 without PAM50 genes,small_batch_consensus,Figure 2a best Top100 stability batch/consensus,30,AR,,,0.5803091271203333,0.3656520482447482,0.2146570788755851,30,,,,,,,,30,3.885130034302942,4.0,12.0
ihc_subtype,IHC subtype,1000,Figure 2a best Top100 stability batch/consensus,1,RGMA,,False,0.4745267514289287,0.2950369865377717,0.1794897648911569,1,6.918249248908543,1.0,19.31486880466472,1.0,2.0,25.0,86.52300704956055,1,,,
ihc_subtype,IHC subtype,1000,Figure 2a best Top100 stability batch/consensus,2,FOXC1,pam50,True,0.4745267514289287,0.2950369865377717,0.1794897648911569,2,6.918220089076817,1.0,20.0,1.0,2.12,25.0,89.75975631713867,2,,,
ihc_subtype,IHC subtype,1000,Figure 2a best Top100 stability batch/consensus,3,LOC145837,,False,0.4745267514289287,0.2950369865377717,0.1794897648911569,3,6.91743573902683,1.0,19.31486880466472,1.0,2.48,25.0,81.21058166503906,3,,,
ihc_subtype,IHC subtype,1000,Figure 2a best Top100 stability batch/consensus,4,MLPH,pam50,True,0.4745267514289287,0.2950369865377717,0.1794897648911569,4,6.914908388865763,1.0,19.31486880466472,1.0,3.64,25.0,83.2617056274414,4,,,
ihc_subtype,IHC subtype,1000,Figure 2a best Top100 stability batch/consensus,5,ZNF788,,False,0.4745267514289287,0.2950369865377717,0.1794897648911569,5,6.91378515873747,1.0,19.31486880466472,1.0,4.12,25.0,64.00151504516602,5,,,
ihc_subtype,IHC subtype,1000,Figure 2a best Top100 stability batch/consensus,6,KMO,,False,0.4745267514289287,0.2950369865377717,0.1794897648911569,6,6.913213988474227,1.0,19.31486880466472,1.0,4.24,25.0,69.43014167785644,6,,,
ihc_subtype,IHC subtype,1000,Figure 2a best Top100 stability batch/consensus,7,C9orf170,,False,0.4745267514289287,0.2950369865377717,0.1794897648911569,7,6.912293888699143,1.0,20.0,1.0,4.84,25.0,70.90898094177246,7,,,
ihc_subtype,IHC subtype,1000,Figure 2a best Top100 stability batch/consensus,8,GDF5,,False,0.4745267514289287,0.2950369865377717,0.1794897648911569,8,6.912206738693589,1.0,20.0,1.0,4.88,25.0,63.775585632324216,8,,,
ihc_subtype,IHC subtype,1000,Figure 2a best Top100 stability batch/consensus,9,AGR2,,False,0.4745267514289287,0.2950369865377717,0.1794897648911569,9,6.911945288676927,1.0,20.0,1.0,5.0,25.0,76.92157020568848,9,,,
ihc_subtype,IHC subtype,1000,Figure 2a best Top100 stability batch/consensus,10,XBP1,,False,0.4745267514289287,0.2950369865377717,0.1794897648911569,10,6.910986638615833,1.0,20.0,1.0,5.44,25.0,57.9757160949707,10,,,
ihc_subtype,IHC subtype,1000,Figure 2a best Top100 stability batch/consensus,11,TBC1D9,,False,0.4745267514289287,0.2950369865377717,0.1794897648911569,11,6.910909208554187,1.0,19.31486880466472,1.0,5.44,25.0,61.32193618774414,11,,,
ihc_subtype,IHC subtype,1000,Figure 2a best Top100 stability batch/consensus,12,FZD9,,False,0.4745267514289287,0.2950369865377717,0.1794897648911569,12,6.910463738582509,1.0,20.0,1.0,5.68,25.0,67.5190714263916,12,,,
ihc_subtype,IHC subtype,1000,Figure 2a best Top100 stability batch/consensus,13,RLN2,,False,0.4745267514289287,0.2950369865377717,0.1794897648911569,13,6.909243638504753,1.0,20.0,1.0,6.24,25.0,58.889026184082034,13,,,
ihc_subtype,IHC subtype,1000,Figure 2a best Top100 stability batch/consensus,14,C1orf226,,False,0.4745267514289287,0.2950369865377717,0.1794897648911569,14,6.908982188488091,1.0,20.0,1.0,6.36,25.0,55.838791580200194,14,,,
ihc_subtype,IHC subtype,1000,Figure 2a best Top100 stability batch/consensus,15,REEP5,,False,0.4745267514289287,0.2950369865377717,0.1794897648911569,15,6.9078492384158885,1.0,20.0,1.0,6.88,25.0,71.33210258483886,15,,,
ihc_subtype,IHC subtype,1000,Figure 2a best Top100 stability batch/consensus,16,PGAP3,,False,0.4745267514289287,0.2950369865377717,0.1794897648911569,16,6.907239188377011,1.0,20.0,1.0,7.16,25.0,50.63413055419922,16,,,
ihc_subtype,IHC subtype,1000,Figure 2a best Top100 stability batch/consensus,17,ERBB2,brca_driver|pam50,True,0.4745267514289287,0.2950369865377717,0.1794897648911569,17,6.905796518058226,1.0,19.31486880466472,1.0,7.68,25.0,49.36635894775391,17,,,
ihc_subtype,IHC subtype,1000,Figure 2a best Top100 stability batch/consensus,18,IGF1R,,False,0.4745267514289287,0.2950369865377717,0.1794897648911569,18,6.905234738249268,1.0,20.0,1.0,8.08,25.0,50.97646484375,18,,,
ihc_subtype,IHC subtype,1000,Figure 2a best Top100 stability batch/consensus,19,LOC100128977,,False,0.4745267514289287,0.2950369865377717,0.1794897648911569,19,6.904886138227052,1.0,20.0,1.0,8.24,25.0,49.96127388000488,19,,,
ihc_subtype,IHC subtype,1000,Figure 2a best Top100 stability batch/consensus,20,SIAH2,,False,0.4745267514289287,0.2950369865377717,0.1794897648911569,20,6.904798988221498,1.0,20.0,1.0,8.28,25.0,49.51338653564453,20,,,
ihc_subtype,IHC subtype,1000,Figure 2a best Top100 stability batch/consensus,21,STARD3,,False,0.4745267514289287,0.2950369865377717,0.1794897648911569,21,6.90375318815485,1.0,20.0,1.0,8.76,25.0,47.12080673217773,21,,,
ihc_subtype,IHC subtype,1000,Figure 2a best Top100 stability batch/consensus,22,MAGED2,,False,0.4745267514289287,0.2950369865377717,0.1794897648911569,22,6.903491738138188,1.0,20.0,1.0,8.88,25.0,56.445633239746094,22,,,
ihc_subtype,IHC subtype,1000,Figure 2a best Top100 stability batch/consensus,23,NOS1AP,,False,0.4745267514289287,0.2950369865377717,0.1794897648911569,23,6.903055988110417,1.0,20.0,1.0,9.08,25.0,49.99622779846192,23,,,
ihc_subtype,IHC subtype,1000,Figure 2a best Top100 stability batch/consensus,24,GRB7,pam50,True,0.4745267514289287,0.2950369865377717,0.1794897648911569,24,6.902823697925482,1.0,19.31486880466472,1.0,9.08,25.0,47.6815599822998,24,,,
ihc_subtype,IHC subtype,1000,Figure 2a best Top100 stability batch/consensus,25,C17orf37,,False,0.4745267514289287,0.2950369865377717,0.1794897648911569,25,6.902271638060432,1.0,20.0,1.0,9.44,25.0,44.40516586303711,25,,,
ihc_subtype,IHC subtype,1000,Figure 2a best Top100 stability batch/consensus,26,RERG,,False,0.4745267514289287,0.2950369865377717,0.1794897648911569,26,6.902010517533393,1.0,18.67512332628612,1.0,9.24,25.0,46.034864044189455,26,,,
ihc_subtype,IHC subtype,1000,Figure 2a best Top100 stability batch/consensus,27,PNMT,,False,0.4745267514289287,0.2950369865377717,0.1794897648911569,27,6.9013129879993365,1.0,20.0,1.0,9.88,25.0,46.44535255432129,27,,,
ihc_subtype,IHC subtype,1000,Figure 2a best Top100 stability batch/consensus,28,CA12,,False,0.4745267514289287,0.2950369865377717,0.1794897648911569,28,6.900615787954905,1.0,20.0,1.0,10.2,25.0,44.861377182006834,28,,,
ihc_subtype,IHC subtype,1000,Figure 2a best Top100 stability batch/consensus,29,LOC400940,,False,0.4745267514289287,0.2950369865377717,0.1794897648911569,29,6.900248077534496,1.0,19.31486880466472,1.0,10.12,25.0,48.58903938293457,29,,,
ihc_subtype,IHC subtype,1000,Figure 2a best Top100 stability batch/consensus,30,BCL2,pam50,True,0.4745267514289287,0.2950369865377717,0.1794897648911569,30,6.89989947751228,1.0,19.31486880466472,1.0,10.28,25.0,45.561479263305664,30,,,
